<?xml version="1.0" encoding="UTF-8"?>
<project-private xmlns="http://www.netbeans.org/ns/project-private/1">
    <editor-bookmarks xmlns="http://www.netbeans.org/ns/editor-bookmarks/2" lastBookmarkId="0"/>
    <open-files xmlns="http://www.netbeans.org/ns/projectui-open-files/2">
        <group>
            <file>file:/C:/Users/Bruna/Documents/NetBeansProjects/Livraria/src/com/br/lp2/testeDAO/TesteLivroDAO.java</file>
            <file>file:/C:/Users/Bruna/Documents/NetBeansProjects/Livraria/src/com/br/lp2/model/dao/ConnectionFactory.java</file>
            <file>file:/C:/Users/Bruna/Documents/NetBeansProjects/Livraria/src/com/br/lp2/testeDAO/TesteClienteDAO.java</file>
            <file>file:/C:/Users/Bruna/Documents/NetBeansProjects/Livraria/</file>
        </group>
    </open-files>
</project-private>
